﻿<?xml version="1.0" encoding="utf-8"?>
<Phones>
  <!--记录服装的信息-->
  <phone id="2011">
    <name>连衣裙</name>
    <stock>40</stock>
    <price>300</price>
  </phone>
  <phone id="2022">
    <name>衬衫</name>
    <stock>40</stock>
    <price>200</price>
  </phone>
  <phone id="2033">
    <name>西装</name>
    <stock>40</stock>
    <price>1000</price>
  </phone>
  <phone id="2044">
    <name>洛丽塔</name>
    <stock>40</stock>
    <price>2000</price>
  </phone>
</Phones>