﻿<?xml version="1.0" encoding="utf-8"?>
<Phones>
  <!--记录饰品的信息-->
  <phone id="4011">
    <name>手链</name>
    <stock>500</stock>
    <price>20</price>
  </phone>
  <phone id="4022">
    <name>项链</name>
    <stock>500</stock>
    <price>100</price>
  </phone>
  <phone id="4033">
    <name>背包</name>
    <stock>500</stock>
    <price>50</price>
  </phone>
  <phone id="4044">
    <name>发卡</name>
    <stock>500</stock>
    <price>15</price>
  </phone>
</Phones>