﻿<?xml version="1.0" encoding="utf-8"?>
<Phones>
  <!--记录食品的信息-->
  <phone id="3011">
    <name>巧克力</name>
    <stock>999</stock>
    <price>20</price>
  </phone>
  <phone id="3022">
    <name>棉花糖</name>
    <stock>999</stock>
    <price>5</price>
  </phone>
  <phone id="3033">
    <name>威化饼干</name>
    <stock>999</stock>
    <price>2</price>
  </phone>
  <phone id="3044">
    <name>盼盼面包</name>
    <stock>999</stock>
    <price>5</price>
  </phone>
</Phones>