﻿<?xml version="1.0" encoding="utf-8"?>
<Phones>
  <!--记录手机的信息-->
  <phone id="1011">
    <name>OPPOFindX</name>
    <stock>50</stock>
    <price>4000</price>
  </phone>
  <phone id="1022">
    <name>iphoneX</name>
    <stock>50</stock>
    <price>6000</price>
  </phone>
  <phone id="1033">
    <name>小米9</name>
    <stock>50</stock>
    <price>3000</price>
  </phone>
  <phone id="1044">
    <name>华为P30</name>
    <stock>50</stock>
    <price>7000</price>
  </phone>
</Phones>